feature,importance
10天累积日照时数,0.3285314447781394
10天累积雨量,0.28627453878585807
当天相对湿度,0.1299668331524665
当天平均气温,0.11843993356198913
7天累积日照时数,0.10835388708639883
3天累积降雨时数,0.028433362635148
3天平均气温,0.0
7天平均气温,0.0
5天平均气温,0.0
7天平均相对湿度,0.0
5天平均相对湿度,0.0
3天平均相对湿度,0.0
10天平均气温,0.0
3天累积雨量,0.0
10天平均相对湿度,0.0
当天降雨时数,0.0
当天雨量,0.0
7天累积雨量,0.0
5天累积降雨时数,0.0
5天累积雨量,0.0
7天累积降雨时数,0.0
当天日照时数,0.0
10天累积降雨时数,0.0
5天累积日照时数,0.0
3天累积日照时数,0.0
