feature,importance
10天累积雨量,0.26727352253089504
10天累积日照时数,0.24388443249570144
当天相对湿度,0.12134049173974537
当天平均气温,0.1105786717383118
7天累积日照时数,0.10116207052265908
5天平均相对湿度,0.0796276311768591
10天平均相对湿度,0.041714582115071196
5天累积雨量,0.034418597680757036
3天平均气温,0.0
7天平均相对湿度,0.0
3天平均相对湿度,0.0
7天平均气温,0.0
10天平均气温,0.0
5天平均气温,0.0
3天累积雨量,0.0
当天降雨时数,0.0
当天雨量,0.0
7天累积雨量,0.0
5天累积降雨时数,0.0
3天累积降雨时数,0.0
7天累积降雨时数,0.0
当天日照时数,0.0
10天累积降雨时数,0.0
5天累积日照时数,0.0
3天累积日照时数,0.0
