feature,importance
10天累积雨量,0.3831221255570756
7天累积日照时数,0.14609175694037893
当天相对湿度,0.12923323962860878
5天累积日照时数,0.1227320016822004
3天累积降雨时数,0.08879398616360769
10天累积日照时数,0.08423329103919329
3天累积雨量,0.045793598988935445
当天平均气温,0.0
3天平均气温,0.0
7天平均相对湿度,0.0
5天平均相对湿度,0.0
3天平均相对湿度,0.0
10天平均气温,0.0
5天平均气温,0.0
7天平均气温,0.0
当天雨量,0.0
10天平均相对湿度,0.0
7天累积雨量,0.0
5天累积降雨时数,0.0
5天累积雨量,0.0
当天降雨时数,0.0
当天日照时数,0.0
10天累积降雨时数,0.0
7天累积降雨时数,0.0
3天累积日照时数,0.0
