feature,importance
10天累积雨量,0.34368493191744465
10天累积日照时数,0.27043816041303204
当天相对湿度,0.1560307891612536
当天平均气温,0.1421922490040521
5天累积日照时数,0.06785348992464096
3天累积雨量,0.019800379579576692
3天平均气温,0.0
7天平均气温,0.0
5天平均气温,0.0
7天平均相对湿度,0.0
5天平均相对湿度,0.0
3天平均相对湿度,0.0
10天平均气温,0.0
3天累积降雨时数,0.0
10天平均相对湿度,0.0
当天雨量,0.0
当天降雨时数,0.0
7天累积雨量,0.0
5天累积降雨时数,0.0
5天累积雨量,0.0
7天累积降雨时数,0.0
当天日照时数,0.0
10天累积降雨时数,0.0
3天累积日照时数,0.0
7天累积日照时数,0.0
