feature,importance
7天平均气温,3.2045454545454555
7天日均降雨量,1.6818181818181817
7天累积日照时数,0.9545454545454546
7天累积降雨时数,0.8863636363636364
7天平均相对湿度,0.36363636363636365
