feature,pearson,gra,综合评分
7天累积降雨时数,0.6074810682788071,0.6712768647914744,0.6393789665351408
7天日均降雨量,0.36508454230618453,0.7208412030953895,0.542962872700787
7天累积日照时数,-0.41481561215223256,0.6416649146820009,0.5282402634171167
7天平均相对湿度,0.49499344635934506,0.5367175584072877,0.5158555023833165
7天平均气温,-0.25010908939607374,0.626331899679795,0.4382204945379343
