feature,importance
10天累积雨量,0.28489996212119495
10天累积日照时数,0.20268130444811264
当天相对湿度,0.12037032971273613
5天累积日照时数,0.09144245368806189
3天累积降雨时数,0.08270442977160743
5天累积雨量,0.07468537205509752
当天降雨时数,0.07115308085262308
10天平均相对湿度,0.041381058631192444
3天累积日照时数,0.030682008719373946
7天平均相对湿度,0.0
5天平均相对湿度,0.0
3天平均相对湿度,0.0
10天平均气温,0.0
5天平均气温,0.0
7天平均气温,0.0
3天平均气温,0.0
当天平均气温,0.0
7天累积雨量,0.0
5天累积降雨时数,0.0
当天雨量,0.0
3天累积雨量,0.0
当天日照时数,0.0
10天累积降雨时数,0.0
7天累积降雨时数,0.0
7天累积日照时数,0.0
