feature,importance
7天平均气温,1.4772727272727268
7天累积日照时数,1.25
7天日均降雨量,1.2045454545454544
7天平均相对湿度,0.0
7天累积降雨时数,0.0
