feature,importance
7天平均气温,1.3181818181818181
7天累积日照时数,1.25
7天日均降雨量,0.8863636363636364
7天累积降雨时数,0.5
7天平均相对湿度,0.0
