feature,importance
10天累积雨量,0.3335434182105786
10天累积日照时数,0.2372868518116702
当天相对湿度,0.14092220625301916
5天累积日照时数,0.10705522157880855
3天累积降雨时数,0.09682527860584252
10天平均相对湿度,0.04844640779260207
3天累积日照时数,0.035920615747478984
当天平均气温,0.0
3天平均气温,0.0
7天平均相对湿度,0.0
5天平均相对湿度,0.0
3天平均相对湿度,0.0
10天平均气温,0.0
5天平均气温,0.0
7天平均气温,0.0
当天降雨时数,0.0
当天雨量,0.0
7天累积雨量,0.0
5天累积降雨时数,0.0
5天累积雨量,0.0
3天累积雨量,0.0
当天日照时数,0.0
10天累积降雨时数,0.0
7天累积降雨时数,0.0
7天累积日照时数,0.0
