feature,importance
10天平均相对湿度,0.37703841775295044
10天累积日照时数,0.3233165582158862
7天累积降雨时数,0.17400595993503423
5天平均相对湿度,0.1256390640961291
7天平均相对湿度,0.0
3天平均相对湿度,0.0
当天相对湿度,0.0
3天累积降雨时数,0.0
当天降雨时数,0.0
10天累积降雨时数,0.0
5天累积降雨时数,0.0
当天日照时数,0.0
3天累积日照时数,0.0
5天累积日照时数,0.0
7天累积日照时数,0.0
