feature,importance
10天累积雨量,0.42269781388563465
7天累积日照时数,0.18430872529150952
当天相对湿度,0.17858996837852303
3天累积降雨时数,0.12270616465805316
10天累积日照时数,0.09169732778627963
当天平均气温,0.0
3天平均气温,0.0
7天平均气温,0.0
5天平均气温,0.0
7天平均相对湿度,0.0
5天平均相对湿度,0.0
3天平均相对湿度,0.0
10天平均气温,0.0
3天累积雨量,0.0
10天平均相对湿度,0.0
当天降雨时数,0.0
当天雨量,0.0
7天累积雨量,0.0
5天累积降雨时数,0.0
5天累积雨量,0.0
7天累积降雨时数,0.0
当天日照时数,0.0
10天累积降雨时数,0.0
5天累积日照时数,0.0
3天累积日照时数,0.0
