feature,importance
7天平均气温,2.8636363636363633
7天累积日照时数,1.25
7天日均降雨量,1.2045454545454544
7天累积降雨时数,0.5
7天平均相对湿度,0.22727272727272727
