feature,importance
10天累积雨量,0.27252216058838197
10天累积日照时数,0.19387558561897789
当天相对湿度,0.15858683700927917
5天累积日照时数,0.08746963271961687
3天累积降雨时数,0.079111242148922
5天累积雨量,0.07144058147731204
当天降雨时数,0.06806175466681154
10天平均相对湿度,0.03958321167066281
3天累积日照时数,0.02934899410003576
7天平均相对湿度,0.0
5天平均相对湿度,0.0
3天平均相对湿度,0.0
10天平均气温,0.0
5天平均气温,0.0
7天平均气温,0.0
3天平均气温,0.0
当天平均气温,0.0
7天累积雨量,0.0
5天累积降雨时数,0.0
当天雨量,0.0
3天累积雨量,0.0
当天日照时数,0.0
10天累积降雨时数,0.0
7天累积降雨时数,0.0
7天累积日照时数,0.0
