feature,importance
7天平均气温,1.6136363636363638
7天日均降雨量,1.5909090909090908
7天累积日照时数,0.9545454545454546
7天累积降雨时数,0.7954545454545454
7天平均相对湿度,0.25
