feature,importance
7天日均降雨量,1.5909090909090908
7天平均气温,1.0
7天累积日照时数,0.9545454545454546
7天平均相对湿度,0.0
7天累积降雨时数,0.0
