feature,importance
10天累积雨量,0.3506274892965503
10天累积日照时数,0.2759011070592302
当天相对湿度,0.15918266637802764
当天平均气温,0.14506458280718734
5天累积日照时数,0.0692241544590045
10天平均气温,0.0
3天平均气温,0.0
7天平均气温,0.0
5天平均气温,0.0
7天平均相对湿度,0.0
5天平均相对湿度,0.0
3天平均相对湿度,0.0
10天平均相对湿度,0.0
3天累积降雨时数,0.0
当天雨量,0.0
当天降雨时数,0.0
3天累积雨量,0.0
7天累积雨量,0.0
5天累积降雨时数,0.0
5天累积雨量,0.0
7天累积降雨时数,0.0
当天日照时数,0.0
10天累积降雨时数,0.0
3天累积日照时数,0.0
7天累积日照时数,0.0
