feature,importance
7天日均降雨量,1.6818181818181817
7天平均气温,1.2045454545454546
7天累积日照时数,0.9545454545454546
7天累积降雨时数,0.5227272727272727
7天平均相对湿度,0.11363636363636363
