feature,importance
10天累积雨量,0.3880583234592066
7天累积日照时数,0.13508988626565746
当天相对湿度,0.13089829837564088
5天累积日照时数,0.1243132975897315
3天累积降雨时数,0.08993802003423142
10天累积日照时数,0.08531856428962924
3天累积雨量,0.046383609985902886
当天平均气温,0.0
3天平均气温,0.0
7天平均相对湿度,0.0
5天平均相对湿度,0.0
3天平均相对湿度,0.0
10天平均气温,0.0
5天平均气温,0.0
7天平均气温,0.0
当天雨量,0.0
10天平均相对湿度,0.0
7天累积雨量,0.0
5天累积降雨时数,0.0
5天累积雨量,0.0
当天降雨时数,0.0
当天日照时数,0.0
10天累积降雨时数,0.0
7天累积降雨时数,0.0
3天累积日照时数,0.0
